{
    "type": "FeatureCollection",
    "features": [
        {
            "type": "Feature",
            "id": "ADRIA",
            "properties": { "msfd": "MAD" },
            "geometry": {
                "type": "MultiPolygon",
                "coordinates": [
                    [
                        [
                            [12.132, 45.268],
                            [12.142, 45.358],
                            [12.17, 45.361],
                            [12.144, 45.389],
                            [12.184, 45.368],
                            [12.165, 45.391],
                            [12.192, 45.413],
                            [12.259, 45.415],
                            [12.216, 45.437],
                            [12.258, 45.435],
                            [12.227, 45.454],
                            [12.237, 45.475],
                            [12.256, 45.45],
                            [12.24, 45.474],
                            [12.334, 45.484],
                            [12.414, 45.546],
                            [12.431, 45.527],
                            [12.503, 45.568],
                            [12.543, 45.531],
                            [12.446, 45.47],
                            [12.434, 45.425],
                            [12.91, 45.614],
                            [13.098, 45.636],
                            [13.153, 45.696],
                            [13.068, 45.695],
                            [13.123, 45.732],
                            [13.119, 45.76],
                            [13.314, 45.749],
                            [13.452, 45.707],
                            [13.374, 45.681],
                            [13.433, 45.677],
                            [13.552, 45.724],
                            [13.487, 45.768],
                            [13.521, 45.753],
                            [13.533, 45.805],
                            [13.63, 45.771],
                            [13.754, 45.68],
                            [13.757, 45.628],
                            [13.813, 45.613],
                            [13.719, 45.606],
                            [13.703, 45.59],
                            [13.747, 45.565],
                            [13.72, 45.543],
                            [13.564, 45.53],
                            [13.614, 45.465],
                            [13.491, 45.491],
                            [13.556, 45.357],
                            [13.54, 45.329],
                            [13.614, 45.314],
                            [13.569, 45.298],
                            [13.602, 45.286],
                            [13.573, 45.265],
                            [13.601, 45.244],
                            [13.597, 45.141],
                            [13.74, 45.13],
                            [13.629, 45.131],
                            [13.607, 45.116],
                            [13.641, 45.097],
                            [13.63, 45.064],
                            [13.764, 44.986],
                            [13.815, 44.915],
                            [13.794, 44.891],
                            [13.848, 44.884],
                            [13.798, 44.863],
                            [13.903, 44.809],
                            [13.907, 44.769],
                            [13.925, 44.803],
                            [13.885, 44.824],
                            [14.004, 44.806],
                            [13.972, 44.821],
                            [14.004, 44.884],
                            [13.981, 44.903],
                            [14.027, 44.905],
                            [14.051, 44.939],
                            [14.032, 44.953],
                            [14.076, 44.978],
                            [14.039, 45.031],
                            [14.1, 44.973],
                            [14.065, 44.945],
                            [14.169, 44.979],
                            [14.152, 45.079],
                            [14.198, 45.106],
                            [14.175, 45.134],
                            [14.208, 45.116],
                            [14.223, 45.137],
                            [14.326, 45.355],
                            [14.541, 45.278],
                            [14.535, 45.307],
                            [14.559, 45.298],
                            [14.611, 45.219],
                            [14.74, 45.139],
                            [14.847, 45.116],
                            [14.928, 44.952],
                            [14.885, 44.859],
                            [14.889, 44.718],
                            [14.989, 44.574],
                            [15.284, 44.362],
                            [15.54, 44.259],
                            [15.527, 44.235],
                            [15.402, 44.258],
                            [15.277, 44.333],
                            [15.3, 44.248],
                            [15.211, 44.292],
                            [15.19, 44.236],
                            [15.128, 44.277],
                            [15.113, 44.258],
                            [15.168, 44.228],
                            [15.144, 44.194],
                            [15.455, 43.924],
                            [15.683, 43.817],
                            [15.615, 43.823],
                            [15.695, 43.765],
                            [15.879, 43.73],
                            [15.823, 43.786],
                            [15.847, 43.78],
                            [15.906, 43.721],
                            [15.864, 43.707],
                            [15.951, 43.659],
                            [15.903, 43.648],
                            [15.974, 43.63],
                            [15.912, 43.628],
                            [15.928, 43.551],
                            [15.961, 43.523],
                            [15.972, 43.54],
                            [15.994, 43.538],
                            [15.952, 43.505],
                            [16.114, 43.471],
                            [16.177, 43.493],
                            [16.119, 43.518],
                            [16.428, 43.546],
                            [16.478, 43.533],
                            [16.389, 43.508],
                            [16.531, 43.505],
                            [16.639, 43.437],
                            [16.887, 43.401],
                            [17.113, 43.208],
                            [17.336, 43.112],
                            [17.409, 43.04],
                            [17.424, 43.064],
                            [17.424, 43.031],
                            [17.473, 43.049],
                            [17.443, 43.028],
                            [17.493, 42.97],
                            [17.692, 42.868],
                            [17.708, 42.884],
                            [17.695, 42.861],
                            [17.745, 42.835],
                            [17.527, 42.924],
                            [17.531, 42.903],
                            [17.468, 42.915],
                            [17.443, 42.951],
                            [17.271, 43.011],
                            [17.006, 43.048],
                            [17.035, 43.024],
                            [17.008, 43.007],
                            [17.217, 42.982],
                            [17.42, 42.911],
                            [17.447, 42.868],
                            [17.743, 42.797],
                            [17.761, 42.761],
                            [17.749, 42.802],
                            [17.692, 42.835],
                            [17.781, 42.787],
                            [17.888, 42.788],
                            [17.878, 42.763],
                            [17.983, 42.706],
                            [18.137, 42.676],
                            [18.057, 42.66],
                            [18.207, 42.622],
                            [18.233, 42.559],
                            [18.525, 42.394],
                            [18.515, 42.459],
                            [18.598, 42.433],
                            [18.655, 42.449],
                            [18.687, 42.479],
                            [18.65, 42.492],
                            [18.689, 42.517],
                            [18.7, 42.485],
                            [18.764, 42.49],
                            [18.771, 42.422],
                            [18.686, 42.473],
                            [18.71, 42.392],
                            [18.576, 42.432],
                            [18.547, 42.415],
                            [18.609, 42.365],
                            [18.684, 42.386],
                            [18.775, 42.269],
                            [18.882, 42.279],
                            [18.906, 42.221],
                            [19.011, 42.134],
                            [19.061, 42.134],
                            [19.091, 42.096],
                            [19.07, 42.088],
                            [19.141, 42.045],
                            [19.162, 41.941],
                            [19.369, 41.847],
                            [19.452, 41.879],
                            [19.47, 41.858],
                            [19.447, 41.858],
                            [19.595, 41.811],
                            [19.572, 41.63],
                            [19.607, 41.645],
                            [19.607, 41.613],
                            [19.534, 41.57],
                            [19.444, 41.587],
                            [19.509, 41.536],
                            [19.511, 41.494],
                            [19.443, 41.402],
                            [19.392, 41.413],
                            [19.423, 41.383],
                            [19.421, 41.325],
                            [19.485, 41.309],
                            [19.519, 41.252],
                            [19.437, 41.146],
                            [19.441, 41.002],
                            [19.477, 40.98],
                            [19.439, 40.934],
                            [19.473, 40.952],
                            [19.453, 40.917],
                            [19.415, 40.918],
                            [19.364, 40.828],
                            [19.364, 40.716],
                            [19.312, 40.665],
                            [19.402, 40.502],
                            [19.494, 40.446],
                            [19.485, 40.349],
                            [19.421, 40.321],
                            [19.379, 40.406],
                            [19.321, 40.439],
                            [19.289, 40.422],
                            [19.469, 40.217],
                            [19.861, 40.04],
                            [19.937, 39.942],
                            [19.914, 39.902],
                            [20.013, 39.872],
                            [20.004, 39.802],
                            [19.94, 39.744],
                            [19.954, 39.779],
                            [19.848, 39.822],
                            [19.794, 39.79],
                            [19.672, 39.799],
                            [19.632, 39.752],
                            [18.374, 39.8],
                            [18.408, 39.978],
                            [18.517, 40.135],
                            [18.422, 40.295],
                            [18.044, 40.557],
                            [18.022, 40.642],
                            [17.93, 40.639],
                            [17.962, 40.657],
                            [17.939, 40.684],
                            [17.842, 40.69],
                            [17.499, 40.82],
                            [17.102, 41.06],
                            [16.582, 41.208],
                            [15.942, 41.475],
                            [15.901, 41.542],
                            [15.901, 41.614],
                            [16.189, 41.775],
                            [16.186, 41.883],
                            [16.153, 41.909],
                            [16.059, 41.949],
                            [15.406, 41.9],
                            [15.098, 41.935],
                            [15.0, 42.006],
                            [14.745, 42.084],
                            [14.715, 42.174],
                            [14.512, 42.25],
                            [14.409, 42.359],
                            [14.148, 42.523],
                            [14.004, 42.695],
                            [13.842, 43.103],
                            [13.623, 43.501],
                            [13.625, 43.551],
                            [13.508, 43.63],
                            [13.459, 43.609],
                            [13.277, 43.684],
                            [12.907, 43.926],
                            [12.713, 43.975],
                            [12.37, 44.245],
                            [12.29, 44.461],
                            [12.282, 44.596],
                            [12.251, 44.66],
                            [12.225, 44.663],
                            [12.268, 44.603],
                            [12.238, 44.62],
                            [12.251, 44.583],
                            [12.136, 44.55],
                            [12.101, 44.591],
                            [12.117, 44.662],
                            [12.185, 44.662],
                            [12.179, 44.691],
                            [12.25, 44.661],
                            [12.248, 44.761],
                            [12.285, 44.818],
                            [12.253, 44.813],
                            [12.292, 44.848],
                            [12.396, 44.793],
                            [12.318, 44.792],
                            [12.391, 44.787],
                            [12.419, 44.808],
                            [12.383, 44.879],
                            [12.44, 44.896],
                            [12.455, 44.838],
                            [12.506, 44.919],
                            [12.488, 44.896],
                            [12.492, 44.948],
                            [12.514, 44.932],
                            [12.51, 44.961],
                            [12.544, 44.959],
                            [12.517, 44.936],
                            [12.554, 44.964],
                            [12.509, 44.991],
                            [12.433, 44.961],
                            [12.449, 44.997],
                            [12.412, 45.034],
                            [12.5, 44.99],
                            [12.365, 45.071],
                            [12.406, 45.005],
                            [12.375, 45.031],
                            [12.326, 45.009],
                            [12.334, 45.039],
                            [12.387, 45.029],
                            [12.292, 45.08],
                            [12.294, 45.139],
                            [12.336, 45.097],
                            [12.305, 45.23],
                            [12.25, 45.184],
                            [12.204, 45.198],
                            [12.206, 45.263],
                            [12.132, 45.268]
                        ],
                        [
                            [16.367, 43.194],
                            [16.659, 43.122],
                            [17.197, 43.125],
                            [16.719, 43.156],
                            [16.667, 43.212],
                            [16.58, 43.205],
                            [16.561, 43.235],
                            [16.52, 43.225],
                            [16.599, 43.184],
                            [16.47, 43.21],
                            [16.367, 43.194]
                        ],
                        [
                            [16.899, 43.314],
                            [16.434, 43.392],
                            [16.463, 43.35],
                            [16.409, 43.317],
                            [16.634, 43.256],
                            [16.848, 43.27],
                            [16.899, 43.314]
                        ],
                        [
                            [15.079, 44.476],
                            [14.909, 44.612],
                            [14.871, 44.607],
                            [14.883, 44.573],
                            [14.733, 44.704],
                            [14.884, 44.555],
                            [14.907, 44.484],
                            [15.038, 44.393],
                            [15.116, 44.379],
                            [15.089, 44.361],
                            [15.111, 44.319],
                            [15.176, 44.289],
                            [15.133, 44.33],
                            [15.223, 44.303],
                            [15.186, 44.359],
                            [15.256, 44.322],
                            [15.117, 44.441],
                            [15.043, 44.479],
                            [15.107, 44.399],
                            [14.915, 44.547],
                            [15.079, 44.476]
                        ],
                        [
                            [14.617, 44.98],
                            [14.762, 44.941],
                            [14.753, 44.969],
                            [14.819, 44.98],
                            [14.737, 45.069],
                            [14.671, 45.078],
                            [14.672, 45.154],
                            [14.599, 45.152],
                            [14.632, 45.165],
                            [14.59, 45.238],
                            [14.537, 45.236],
                            [14.528, 45.124],
                            [14.475, 45.128],
                            [14.436, 45.068],
                            [14.526, 45.016],
                            [14.62, 45.014],
                            [14.624, 45.04],
                            [14.617, 44.98]
                        ],
                        [
                            [14.302, 44.935],
                            [14.4, 44.71],
                            [14.339, 44.709],
                            [14.393, 44.604],
                            [14.369, 44.562],
                            [14.432, 44.567],
                            [14.469, 44.533],
                            [14.44, 44.548],
                            [14.449, 44.525],
                            [14.536, 44.479],
                            [14.393, 44.629],
                            [14.394, 44.694],
                            [14.491, 44.605],
                            [14.545, 44.63],
                            [14.504, 44.638],
                            [14.448, 44.786],
                            [14.469, 44.791],
                            [14.461, 44.952],
                            [14.487, 44.954],
                            [14.397, 45.015],
                            [14.357, 45.103],
                            [14.366, 45.158],
                            [14.323, 45.175],
                            [14.277, 45.104],
                            [14.349, 45.054],
                            [14.352, 45.003],
                            [14.417, 44.947],
                            [14.385, 44.945],
                            [14.392, 44.902],
                            [14.317, 44.951],
                            [14.302, 44.935]
                        ]
                    ]
                ]
            }
        },
        {
            "type": "Feature",
            "id": "EMED",
            "properties": { "msfd": "MAL" },
            "geometry": {
                "type": "MultiPolygon",
                "coordinates": [
                    [
                        [
                            [22.637, 40.344],
                            [22.591, 40.471],
                            [22.658, 40.469],
                            [22.652, 40.522],
                            [22.747, 40.511],
                            [22.741, 40.559],
                            [22.853, 40.59],
                            [22.83, 40.632],
                            [22.938, 40.633],
                            [22.937, 40.581],
                            [22.977, 40.538],
                            [22.817, 40.502],
                            [22.903, 40.398],
                            [22.889, 40.374],
                            [22.984, 40.368],
                            [23.021, 40.324],
                            [23.297, 40.235],
                            [23.321, 40.197],
                            [23.402, 40.28],
                            [23.653, 40.225],
                            [23.774, 40.117],
                            [23.823, 40.015],
                            [23.893, 39.994],
                            [23.93, 39.937],
                            [23.992, 39.948],
                            [23.967, 39.964],
                            [24.021, 40.008],
                            [23.986, 40.042],
                            [23.998, 40.107],
                            [23.766, 40.199],
                            [23.694, 40.285],
                            [23.735, 40.353],
                            [23.918, 40.365],
                            [24.041, 40.293],
                            [24.157, 40.284],
                            [24.305, 40.115],
                            [24.398, 40.155],
                            [24.249, 40.309],
                            [24.067, 40.367],
                            [24.011, 40.45],
                            [23.993, 40.381],
                            [23.866, 40.413],
                            [23.823, 40.505],
                            [23.919, 40.533],
                            [23.833, 40.557],
                            [23.694, 40.669],
                            [23.74, 40.756],
                            [23.85, 40.787],
                            [24.087, 40.722],
                            [24.34, 40.826],
                            [24.307, 40.827],
                            [24.337, 40.858],
                            [24.317, 40.878],
                            [24.395, 40.934],
                            [24.509, 40.959],
                            [24.589, 40.926],
                            [24.568, 40.928],
                            [24.626, 40.86],
                            [24.611, 40.903],
                            [24.637, 40.862],
                            [24.802, 40.846],
                            [24.887, 40.913],
                            [24.989, 40.931],
                            [25.046, 41.011],
                            [25.135, 41.008],
                            [25.088, 41.014],
                            [25.075, 41.047],
                            [25.113, 41.092],
                            [25.179, 41.008],
                            [25.145, 41.009],
                            [25.165, 40.995],
                            [25.129, 40.957],
                            [25.265, 40.922],
                            [25.333, 40.943],
                            [25.562, 40.858],
                            [26.014, 40.82],
                            [25.999, 40.805],
                            [26.044, 40.758],
                            [26.024, 40.738],
                            [26.096, 40.72],
                            [26.051, 40.714],
                            [26.061, 40.638],
                            [26.123, 40.592],
                            [26.459, 40.617],
                            [26.533, 40.592],
                            [26.61, 40.638],
                            [26.817, 40.649],
                            [26.857, 40.602],
                            [26.797, 40.555],
                            [26.59, 40.496],
                            [26.219, 40.317],
                            [26.279, 40.217],
                            [26.167, 40.054],
                            [26.198, 40.008],
                            [26.136, 39.841],
                            [26.164, 39.819],
                            [26.14, 39.759],
                            [26.164, 39.66],
                            [26.064, 39.48],
                            [26.243, 39.464],
                            [26.634, 39.556],
                            [26.837, 39.558],
                            [26.878, 39.586],
                            [26.944, 39.568],
                            [26.93, 39.485],
                            [26.858, 39.477],
                            [26.855, 39.439],
                            [26.797, 39.432],
                            [26.806, 39.392],
                            [26.699, 39.342],
                            [26.671, 39.279],
                            [26.63, 39.297],
                            [26.652, 39.323],
                            [26.609, 39.276],
                            [26.721, 39.258],
                            [26.768, 39.167],
                            [26.88, 39.094],
                            [26.882, 39.065],
                            [26.8, 39.032],
                            [26.802, 38.951],
                            [26.858, 38.915],
                            [27.044, 38.941],
                            [27.038, 38.894],
                            [27.066, 38.878],
                            [26.971, 38.846],
                            [26.969, 38.804],
                            [26.944, 38.836],
                            [26.894, 38.825],
                            [26.94, 38.765],
                            [26.894, 38.733],
                            [26.824, 38.762],
                            [26.741, 38.741],
                            [26.729, 38.695],
                            [26.755, 38.67],
                            [26.723, 38.652],
                            [26.831, 38.578],
                            [26.857, 38.589],
                            [26.859, 38.55],
                            [26.896, 38.563],
                            [26.952, 38.437],
                            [27.054, 38.473],
                            [27.171, 38.448],
                            [27.089, 38.399],
                            [27.018, 38.418],
                            [26.803, 38.355],
                            [26.707, 38.434],
                            [26.675, 38.388],
                            [26.703, 38.315],
                            [26.675, 38.311],
                            [26.584, 38.426],
                            [26.588, 38.47],
                            [26.641, 38.469],
                            [26.624, 38.531],
                            [26.569, 38.559],
                            [26.524, 38.649],
                            [26.417, 38.68],
                            [26.354, 38.638],
                            [26.373, 38.531],
                            [26.412, 38.494],
                            [26.394, 38.447],
                            [26.436, 38.478],
                            [26.516, 38.427],
                            [26.492, 38.401],
                            [26.451, 38.427],
                            [26.484, 38.376],
                            [26.396, 38.321],
                            [26.385, 38.348],
                            [26.375, 38.308],
                            [26.285, 38.376],
                            [26.303, 38.321],
                            [26.231, 38.271],
                            [26.335, 38.226],
                            [26.392, 38.261],
                            [26.389, 38.224],
                            [26.519, 38.187],
                            [26.533, 38.127],
                            [26.572, 38.144],
                            [26.593, 38.103],
                            [26.636, 38.207],
                            [26.758, 38.222],
                            [26.789, 38.199],
                            [26.775, 38.162],
                            [26.825, 38.158],
                            [26.865, 38.029],
                            [26.979, 38.075],
                            [27.12, 37.993],
                            [27.254, 37.975],
                            [27.277, 37.926],
                            [27.237, 37.84],
                            [27.27, 37.811],
                            [27.246, 37.737],
                            [27.114, 37.683],
                            [27.03, 37.689],
                            [27.004, 37.659],
                            [27.219, 37.587],
                            [27.167, 37.543],
                            [27.196, 37.546],
                            [27.205, 37.48],
                            [27.227, 37.487],
                            [27.232, 37.406],
                            [27.193, 37.354],
                            [27.329, 37.343],
                            [27.318, 37.369],
                            [27.417, 37.416],
                            [27.433, 37.383],
                            [27.383, 37.356],
                            [27.389, 37.323],
                            [27.444, 37.303],
                            [27.473, 37.345],
                            [27.498, 37.321],
                            [27.457, 37.251],
                            [27.519, 37.277],
                            [27.499, 37.238],
                            [27.523, 37.227],
                            [27.557, 37.278],
                            [27.618, 37.274],
                            [27.576, 37.215],
                            [27.616, 37.188],
                            [27.526, 37.194],
                            [27.551, 37.136],
                            [27.581, 37.136],
                            [27.472, 37.081],
                            [27.366, 37.156],
                            [27.345, 37.131],
                            [27.324, 37.159],
                            [27.312, 37.116],
                            [27.254, 37.129],
                            [27.293, 37.112],
                            [27.226, 37.058],
                            [27.264, 36.965],
                            [27.304, 36.957],
                            [27.332, 37.015],
                            [27.383, 37.027],
                            [27.377, 36.999],
                            [27.424, 37.036],
                            [27.483, 36.986],
                            [27.566, 36.975],
                            [27.891, 37.028],
                            [28.331, 37.034],
                            [28.205, 36.995],
                            [28.202, 36.949],
                            [28.158, 36.945],
                            [28.169, 36.906],
                            [28.124, 36.938],
                            [28.025, 36.926],
                            [28.059, 36.868],
                            [28.004, 36.836],
                            [28.065, 36.822],
                            [28.032, 36.787],
                            [27.817, 36.813],
                            [27.698, 36.786],
                            [27.641, 36.811],
                            [27.609, 36.763],
                            [27.464, 36.762],
                            [27.405, 36.703],
                            [27.362, 36.709],
                            [27.406, 36.663],
                            [27.478, 36.647],
                            [27.574, 36.685],
                            [27.678, 36.658],
                            [27.687, 36.726],
                            [27.73, 36.762],
                            [27.931, 36.743],
                            [28.128, 36.805],
                            [28.133, 36.753],
                            [28.113, 36.774],
                            [28.085, 36.748],
                            [28.129, 36.725],
                            [27.965, 36.684],
                            [28.024, 36.668],
                            [28.043, 36.692],
                            [28.096, 36.645],
                            [28.063, 36.604],
                            [27.957, 36.601],
                            [27.98, 36.554],
                            [28.036, 36.563],
                            [28.115, 36.6],
                            [28.164, 36.685],
                            [28.303, 36.73],
                            [28.233, 36.804],
                            [28.262, 36.849],
                            [28.316, 36.826],
                            [28.274, 36.796],
                            [28.314, 36.795],
                            [28.31, 36.818],
                            [28.398, 36.785],
                            [28.426, 36.836],
                            [28.379, 36.847],
                            [28.456, 36.88],
                            [28.462, 36.812],
                            [28.536, 36.786],
                            [28.557, 36.832],
                            [28.612, 36.803],
                            [28.619, 36.704],
                            [28.649, 36.723],
                            [28.67, 36.692],
                            [28.787, 36.686],
                            [28.794, 36.651],
                            [28.852, 36.637],
                            [28.825, 36.625],
                            [28.846, 36.589],
                            [28.908, 36.648],
                            [28.85, 36.642],
                            [28.864, 36.696],
                            [28.906, 36.703],
                            [28.929, 36.756],
                            [29.093, 36.679],
                            [29.116, 36.626],
                            [29.078, 36.646],
                            [29.076, 36.614],
                            [29.041, 36.62],
                            [29.023, 36.586],
                            [29.048, 36.559],
                            [29.009, 36.544],
                            [29.088, 36.566],
                            [29.127, 36.542],
                            [29.138, 36.498],
                            [29.101, 36.475],
                            [29.135, 36.428],
                            [29.102, 36.387],
                            [29.353, 36.23],
                            [29.369, 36.263],
                            [29.414, 36.263],
                            [29.413, 36.225],
                            [29.632, 36.205],
                            [29.584, 36.187],
                            [29.641, 36.199],
                            [29.632, 36.169],
                            [29.683, 36.131],
                            [29.722, 36.164],
                            [29.793, 36.144],
                            [29.923, 36.234],
                            [29.98, 36.215],
                            [30.064, 36.259],
                            [30.116, 36.248],
                            [30.19, 36.315],
                            [30.409, 36.275],
                            [30.405, 36.21],
                            [30.486, 36.28],
                            [30.467, 36.314],
                            [30.529, 36.336],
                            [30.476, 36.396],
                            [30.48, 36.433],
                            [30.592, 36.591],
                            [30.555, 36.648],
                            [30.605, 36.839],
                            [30.699, 36.885],
                            [30.758, 36.846],
                            [31.028, 36.855],
                            [31.33, 36.809],
                            [31.776, 36.604],
                            [32.029, 36.538],
                            [32.39, 36.164],
                            [32.803, 36.017],
                            [32.95, 36.104],
                            [33.081, 36.07],
                            [33.146, 36.138],
                            [33.351, 36.155],
                            [33.394, 36.125],
                            [33.461, 36.16],
                            [33.562, 36.127],
                            [33.647, 36.194],
                            [33.69, 36.135],
                            [33.696, 36.172],
                            [33.871, 36.317],
                            [33.934, 36.29],
                            [33.963, 36.233],
                            [34.0, 36.306],
                            [34.042, 36.293],
                            [34.073, 36.319],
                            [34.083, 36.415],
                            [34.264, 36.575],
                            [34.654, 36.808],
                            [34.79, 36.807],
                            [34.903, 36.728],
                            [35.016, 36.705],
                            [35.325, 36.557],
                            [35.163, 36.675],
                            [35.21, 36.685],
                            [35.347, 36.603],
                            [35.323, 36.572],
                            [35.34, 36.539],
                            [35.422, 36.591],
                            [35.567, 36.566],
                            [35.725, 36.719],
                            [35.672, 36.704],
                            [35.615, 36.632],
                            [35.602, 36.664],
                            [35.677, 36.707],
                            [35.599, 36.7],
                            [35.607, 36.73],
                            [35.667, 36.767],
                            [35.793, 36.767],
                            [35.982, 36.922],
                            [36.035, 36.923],
                            [36.148, 36.856],
                            [36.206, 36.782],
                            [36.19, 36.73],
                            [36.216, 36.66],
                            [36.19, 36.594],
                            [36.037, 36.533],
                            [35.781, 36.32],
                            [35.982, 36.01],
                            [35.877, 35.869],
                            [35.8, 35.853],
                            [35.845, 35.742],
                            [35.769, 35.672],
                            [35.775, 35.608],
                            [35.717, 35.586],
                            [35.772, 35.537],
                            [35.761, 35.508],
                            [35.915, 35.418],
                            [35.953, 35.196],
                            [35.888, 35.106],
                            [35.898, 35.009],
                            [35.872, 34.899],
                            [35.854, 34.908],
                            [35.927, 34.783],
                            [35.987, 34.531],
                            [35.903, 34.466],
                            [35.807, 34.455],
                            [35.814, 34.405],
                            [35.736, 34.376],
                            [35.719, 34.314],
                            [35.651, 34.282],
                            [35.626, 34.149],
                            [35.649, 34.085],
                            [35.622, 34.025],
                            [35.643, 33.998],
                            [35.571, 33.904],
                            [35.469, 33.899],
                            [35.478, 33.792],
                            [35.356, 33.52],
                            [35.275, 33.447],
                            [35.245, 33.334],
                            [35.19, 33.276],
                            [35.212, 33.242],
                            [35.192, 33.179],
                            [35.106, 33.102],
                            [35.065, 32.855],
                            [35.029, 32.803],
                            [34.955, 32.826],
                            [34.909, 32.562],
                            [34.773, 32.109],
                            [34.793, 32.098],
                            [34.564, 31.69],
                            [34.337, 31.425],
                            [34.128, 31.264],
                            [33.871, 31.16],
                            [33.651, 31.116],
                            [33.463, 31.13],
                            [33.41, 31.08],
                            [33.302, 31.098],
                            [33.319, 31.075],
                            [33.245, 31.085],
                            [33.199, 31.067],
                            [33.22, 31.05],
                            [33.138, 31.038],
                            [33.15, 31.079],
                            [33.087, 31.111],
                            [33.113, 31.143],
                            [33.151, 31.121],
                            [33.09, 31.18],
                            [32.978, 31.096],
                            [33.081, 31.113],
                            [33.009, 31.05],
                            [32.96, 31.057],
                            [32.985, 31.084],
                            [32.954, 31.099],
                            [32.914, 31.071],
                            [32.93, 31.087],
                            [32.869, 31.09],
                            [32.716, 31.018],
                            [32.69, 31.059],
                            [32.793, 31.08],
                            [32.923, 31.146],
                            [32.757, 31.073],
                            [32.601, 31.059],
                            [32.461, 31.126],
                            [32.435, 31.175],
                            [32.503, 31.124],
                            [32.467, 31.164],
                            [32.378, 31.217],
                            [32.429, 31.179],
                            [32.367, 31.152],
                            [32.356, 31.238],
                            [32.311, 31.118],
                            [32.333, 31.191],
                            [32.307, 31.192],
                            [32.306, 31.104],
                            [32.294, 31.234],
                            [32.343, 31.299],
                            [32.218, 31.268],
                            [32.06, 31.346],
                            [32.172, 31.304],
                            [32.005, 31.408],
                            [31.951, 31.504],
                            [31.991, 31.476],
                            [31.924, 31.524],
                            [31.845, 31.526],
                            [31.804, 31.425],
                            [31.801, 31.459],
                            [31.751, 31.463],
                            [31.756, 31.493],
                            [31.554, 31.441],
                            [31.278, 31.559],
                            [31.043, 31.599],
                            [30.544, 31.461],
                            [30.373, 31.46],
                            [30.429, 31.432],
                            [30.431, 31.374],
                            [30.424, 31.432],
                            [30.362, 31.465],
                            [30.303, 31.34],
                            [30.172, 31.25],
                            [30.177, 31.272],
                            [30.086, 31.283],
                            [30.068, 31.329],
                            [29.93, 31.22],
                            [29.876, 31.212],
                            [29.83, 31.141],
                            [29.784, 31.147],
                            [29.475, 30.935],
                            [29.219, 30.839],
                            [29.044, 30.819],
                            [28.906, 30.875],
                            [28.831, 30.953],
                            [28.557, 31.053],
                            [28.434, 31.088],
                            [28.315, 31.067],
                            [27.93, 31.097],
                            [27.896, 31.118],
                            [27.859, 31.246],
                            [27.676, 31.177],
                            [27.446, 31.216],
                            [27.386, 31.262],
                            [27.341, 31.373],
                            [27.18, 31.359],
                            [27.226, 31.369],
                            [27.077, 31.383],
                            [26.983, 31.442],
                            [26.496, 31.495],
                            [25.907, 31.628],
                            [25.409, 31.504],
                            [25.21, 31.52],
                            [25.162, 31.55],
                            [25.18, 31.57],
                            [25.131, 31.718],
                            [25.027, 31.855],
                            [25.036, 31.936],
                            [24.98, 31.971],
                            [24.71, 32.023],
                            [24.549, 31.98],
                            [24.087, 32.012],
                            [23.97, 32.069],
                            [24.008, 32.072],
                            [23.98, 32.103],
                            [23.718, 32.178],
                            [23.421, 32.174],
                            [23.316, 32.214],
                            [23.316, 32.153],
                            [23.209, 32.28],
                            [23.095, 32.309],
                            [23.089, 32.421],
                            [23.133, 32.388],
                            [23.159, 32.456],
                            [23.102, 32.526],
                            [23.113, 32.631],
                            [22.913, 32.671],
                            [22.377, 32.872],
                            [22.173, 32.897],
                            [22.149, 32.936],
                            [24.133, 34.807],
                            [24.122, 34.86],
                            [24.039, 34.858],
                            [24.011, 34.93],
                            [23.593, 35.236],
                            [23.827, 35.25],
                            [23.991, 35.229],
                            [24.041, 35.194],
                            [24.385, 35.194],
                            [24.559, 35.101],
                            [24.739, 35.083],
                            [24.76, 35.01],
                            [24.732, 34.922],
                            [24.756, 34.921],
                            [25.095, 34.932],
                            [25.374, 34.999],
                            [25.815, 35.0],
                            [25.978, 35.039],
                            [26.111, 34.996],
                            [26.232, 35.034],
                            [26.28, 35.168],
                            [26.318, 35.182],
                            [26.27, 35.207],
                            [26.263, 35.265],
                            [26.307, 35.294],
                            [26.311, 35.318],
                            [26.163, 35.199],
                            [26.026, 35.23],
                            [25.946, 35.181],
                            [25.897, 35.187],
                            [25.811, 35.109],
                            [25.727, 35.129],
                            [25.709, 35.176],
                            [25.74, 35.232],
                            [25.727, 35.304],
                            [25.772, 35.341],
                            [25.661, 35.348],
                            [25.442, 35.292],
                            [25.386, 35.338],
                            [25.053, 35.342],
                            [25.044, 35.405],
                            [24.973, 35.432],
                            [24.955, 35.402],
                            [24.7, 35.427],
                            [24.543, 35.374],
                            [24.28, 35.356],
                            [24.243, 35.475],
                            [24.188, 35.449],
                            [24.06, 35.493],
                            [24.183, 35.503],
                            [24.202, 35.54],
                            [24.175, 35.587],
                            [24.082, 35.594],
                            [24.087, 35.553],
                            [24.029, 35.516],
                            [23.842, 35.527],
                            [23.781, 35.544],
                            [23.774, 35.668],
                            [23.738, 35.695],
                            [23.707, 35.641],
                            [23.723, 35.512],
                            [23.658, 35.498],
                            [23.613, 35.52],
                            [23.594, 35.64],
                            [23.328, 35.824],
                            [23.313, 35.886],
                            [23.271, 35.906],
                            [23.279, 35.878],
                            [22.989, 36.136],
                            [23.048, 36.131],
                            [23.054, 36.218],
                            [23.104, 36.243],
                            [22.987, 36.321],
                            [22.95, 36.386],
                            [23.088, 36.443],
                            [23.202, 36.45],
                            [23.129, 36.498],
                            [23.153, 36.536],
                            [23.032, 36.626],
                            [23.026, 36.728],
                            [23.086, 36.729],
                            [23.111, 36.773],
                            [23.074, 36.786],
                            [23.09, 36.818],
                            [23.039, 36.858],
                            [22.991, 36.974],
                            [23.005, 37.024],
                            [22.964, 37.071],
                            [22.984, 37.085],
                            [22.955, 37.119],
                            [22.896, 37.121],
                            [22.912, 37.19],
                            [22.755, 37.389],
                            [22.772, 37.424],
                            [22.717, 37.563],
                            [22.77, 37.591],
                            [22.852, 37.513],
                            [22.929, 37.524],
                            [22.904, 37.539],
                            [22.977, 37.517],
                            [23.004, 37.46],
                            [23.042, 37.482],
                            [23.057, 37.451],
                            [23.124, 37.45],
                            [23.144, 37.416],
                            [23.064, 37.392],
                            [23.067, 37.352],
                            [23.154, 37.326],
                            [23.137, 37.309],
                            [23.174, 37.286],
                            [23.2, 37.292],
                            [23.192, 37.34],
                            [23.277, 37.346],
                            [23.225, 37.373],
                            [23.267, 37.406],
                            [23.518, 37.431],
                            [23.478, 37.486],
                            [23.391, 37.509],
                            [23.418, 37.53],
                            [23.365, 37.561],
                            [23.407, 37.592],
                            [23.398, 37.638],
                            [23.308, 37.618],
                            [23.369, 37.553],
                            [23.34, 37.525],
                            [23.161, 37.616],
                            [23.176, 37.716],
                            [23.119, 37.73],
                            [23.117, 37.757],
                            [23.179, 37.777],
                            [23.178, 37.804],
                            [23.114, 37.847],
                            [23.01, 37.845],
                            [22.992, 37.881],
                            [23.017, 37.924],
                            [23.135, 37.921],
                            [23.244, 37.976],
                            [23.421, 37.969],
                            [23.388, 37.981],
                            [23.521, 38.044],
                            [23.598, 38.029],
                            [23.557, 37.961],
                            [23.642, 37.949],
                            [23.632, 37.927],
                            [23.687, 37.939],
                            [23.771, 37.798],
                            [23.814, 37.821],
                            [23.87, 37.8],
                            [23.911, 37.72],
                            [23.946, 37.722],
                            [23.938, 37.672],
                            [24.031, 37.648],
                            [24.073, 37.682],
                            [24.053, 37.729],
                            [24.085, 37.793],
                            [24.046, 37.822],
                            [24.045, 37.875],
                            [24.008, 37.889],
                            [24.045, 37.903],
                            [24.001, 37.925],
                            [24.032, 37.993],
                            [23.981, 38.105],
                            [24.036, 38.142],
                            [24.058, 38.122],
                            [24.08, 38.165],
                            [24.073, 38.2],
                            [23.954, 38.285],
                            [23.659, 38.35],
                            [23.632, 38.41],
                            [23.57, 38.446],
                            [23.592, 38.473],
                            [23.552, 38.506],
                            [23.513, 38.48],
                            [23.332, 38.497],
                            [23.378, 38.527],
                            [23.285, 38.561],
                            [23.34, 38.606],
                            [23.313, 38.642],
                            [23.196, 38.68],
                            [23.165, 38.675],
                            [23.19, 38.65],
                            [23.105, 38.625],
                            [23.033, 38.756],
                            [22.965, 38.745],
                            [22.899, 38.776],
                            [22.864, 38.754],
                            [22.825, 38.79],
                            [22.767, 38.78],
                            [22.697, 38.851],
                            [22.606, 38.82],
                            [22.531, 38.857],
                            [22.613, 38.912],
                            [22.754, 38.869],
                            [22.829, 38.888],
                            [22.856, 38.927],
                            [22.99, 38.944],
                            [23.026, 39.015],
                            [23.056, 39.016],
                            [23.066, 39.039],
                            [22.96, 39.007],
                            [22.996, 39.036],
                            [22.983, 39.098],
                            [22.923, 39.112],
                            [22.891, 39.188],
                            [22.85, 39.154],
                            [22.821, 39.21],
                            [22.821, 39.277],
                            [22.947, 39.3],
                            [22.941, 39.361],
                            [23.12, 39.306],
                            [23.223, 39.181],
                            [23.213, 39.147],
                            [23.182, 39.159],
                            [23.178, 39.128],
                            [23.094, 39.096],
                            [23.12, 39.134],
                            [23.107, 39.16],
                            [23.079, 39.146],
                            [23.051, 39.101],
                            [23.073, 39.086],
                            [23.203, 39.096],
                            [23.211, 39.128],
                            [23.306, 39.142],
                            [23.351, 39.187],
                            [23.276, 39.314],
                            [23.095, 39.499],
                            [22.934, 39.575],
                            [22.852, 39.8],
                            [22.734, 39.869],
                            [22.709, 39.953],
                            [22.593, 40.013],
                            [22.548, 40.155],
                            [22.662, 40.363],
                            [22.637, 40.344]
                        ],
                        [
                            [32.404, 35.039],
                            [32.282, 35.104],
                            [32.272, 35.049],
                            [32.314, 34.995],
                            [32.317, 34.9],
                            [32.389, 34.84],
                            [32.4, 34.755],
                            [32.704, 34.64],
                            [32.874, 34.667],
                            [32.933, 34.566],
                            [33.028, 34.563],
                            [33.007, 34.647],
                            [33.062, 34.686],
                            [33.325, 34.719],
                            [33.602, 34.816],
                            [33.682, 34.974],
                            [33.776, 34.98],
                            [33.859, 34.943],
                            [33.971, 34.988],
                            [34.085, 34.956],
                            [34.065, 35.013],
                            [33.91, 35.166],
                            [33.906, 35.257],
                            [33.966, 35.322],
                            [34.066, 35.329],
                            [34.135, 35.417],
                            [34.286, 35.481],
                            [34.436, 35.601],
                            [34.563, 35.642],
                            [34.588, 35.695],
                            [34.347, 35.623],
                            [34.288, 35.575],
                            [34.178, 35.562],
                            [34.122, 35.503],
                            [33.977, 35.446],
                            [33.772, 35.414],
                            [33.647, 35.357],
                            [33.481, 35.332],
                            [33.066, 35.355],
                            [32.921, 35.404],
                            [32.933, 35.255],
                            [32.899, 35.176],
                            [32.852, 35.148],
                            [32.624, 35.193],
                            [32.552, 35.175],
                            [32.478, 35.073],
                            [32.404, 35.039]
                        ],
                        [
                            [27.976, 36.364],
                            [27.806, 36.271],
                            [27.768, 36.188],
                            [27.685, 36.156],
                            [27.76, 36.089],
                            [27.718, 35.941],
                            [27.771, 35.892],
                            [27.75, 35.878],
                            [27.845, 35.913],
                            [27.954, 36.045],
                            [28.035, 36.078],
                            [28.087, 36.055],
                            [28.076, 36.143],
                            [28.175, 36.249],
                            [28.247, 36.387],
                            [28.239, 36.447],
                            [27.976, 36.364]
                        ],
                        [
                            [26.679, 37.796],
                            [26.567, 37.731],
                            [26.592, 37.676],
                            [26.72, 37.71],
                            [26.794, 37.643],
                            [26.859, 37.636],
                            [26.909, 37.682],
                            [27.07, 37.717],
                            [27.024, 37.751],
                            [27.068, 37.777],
                            [26.991, 37.796],
                            [26.949, 37.785],
                            [26.967, 37.747],
                            [26.848, 37.806],
                            [26.679, 37.796]
                        ],
                        [
                            [25.904, 39.293],
                            [25.834, 39.185],
                            [25.875, 39.15],
                            [26.076, 39.086],
                            [26.168, 39.197],
                            [26.288, 39.192],
                            [26.282, 39.155],
                            [26.085, 39.079],
                            [26.169, 39.005],
                            [26.518, 38.971],
                            [26.546, 39.003],
                            [26.442, 39.101],
                            [26.483, 39.12],
                            [26.529, 39.082],
                            [26.512, 39.049],
                            [26.539, 39.013],
                            [26.614, 39.016],
                            [26.54, 39.167],
                            [26.38, 39.271],
                            [26.424, 39.334],
                            [26.356, 39.347],
                            [26.367, 39.377],
                            [26.341, 39.39],
                            [26.185, 39.379],
                            [26.17, 39.324],
                            [25.997, 39.278],
                            [25.904, 39.293]
                        ],
                        [
                            [25.832, 38.539],
                            [25.992, 38.391],
                            [25.996, 38.342],
                            [25.865, 38.244],
                            [26.013, 38.148],
                            [26.038, 38.199],
                            [26.1, 38.211],
                            [26.104, 38.273],
                            [26.159, 38.31],
                            [26.134, 38.404],
                            [26.155, 38.458],
                            [26.124, 38.487],
                            [26.153, 38.497],
                            [26.16, 38.55],
                            [26.135, 38.567],
                            [26.114, 38.54],
                            [26.008, 38.604],
                            [25.856, 38.579],
                            [25.832, 38.539]
                        ],
                        [
                            [25.537, 37.203],
                            [25.334, 37.077],
                            [25.449, 36.916],
                            [25.55, 36.958],
                            [25.605, 37.085],
                            [25.537, 37.203]
                        ],
                        [
                            [25.047, 39.835],
                            [25.171, 39.855],
                            [25.139, 39.805],
                            [25.227, 39.797],
                            [25.18, 39.849],
                            [25.256, 39.912],
                            [25.279, 39.893],
                            [25.237, 39.85],
                            [25.355, 39.783],
                            [25.373, 39.81],
                            [25.341, 39.878],
                            [25.443, 39.98],
                            [25.447, 40.036],
                            [25.402, 40.005],
                            [25.371, 40.019],
                            [25.347, 39.965],
                            [25.292, 39.939],
                            [25.237, 40.004],
                            [25.047, 39.984],
                            [25.074, 39.919],
                            [25.047, 39.835]
                        ],
                        [
                            [24.713, 37.871],
                            [24.768, 37.875],
                            [24.796, 37.817],
                            [24.963, 37.684],
                            [25.0, 37.77],
                            [24.952, 37.771],
                            [24.98, 37.813],
                            [24.935, 37.842],
                            [24.956, 37.899],
                            [24.839, 37.91],
                            [24.832, 37.959],
                            [24.782, 37.998],
                            [24.691, 37.963],
                            [24.713, 37.871]
                        ],
                        [
                            [24.512, 40.639],
                            [24.645, 40.568],
                            [24.775, 40.607],
                            [24.781, 40.704],
                            [24.758, 40.72],
                            [24.78, 40.741],
                            [24.65, 40.801],
                            [24.564, 40.762],
                            [24.512, 40.639]
                        ],
                        [
                            [23.109, 38.991],
                            [23.083, 38.941],
                            [22.851, 38.871],
                            [22.829, 38.825],
                            [22.992, 38.851],
                            [22.948, 38.877],
                            [22.964, 38.891],
                            [23.084, 38.839],
                            [23.196, 38.835],
                            [23.43, 38.685],
                            [23.511, 38.587],
                            [23.599, 38.572],
                            [23.637, 38.51],
                            [23.588, 38.449],
                            [23.613, 38.455],
                            [23.646, 38.4],
                            [24.05, 38.395],
                            [24.06, 38.341],
                            [24.024, 38.328],
                            [24.112, 38.316],
                            [24.112, 38.251],
                            [24.155, 38.278],
                            [24.117, 38.219],
                            [24.187, 38.215],
                            [24.203, 38.086],
                            [24.307, 38.069],
                            [24.305, 38.026],
                            [24.373, 37.962],
                            [24.414, 38.013],
                            [24.494, 37.95],
                            [24.561, 37.982],
                            [24.588, 38.159],
                            [24.35, 38.155],
                            [24.249, 38.227],
                            [24.256, 38.288],
                            [24.182, 38.394],
                            [24.208, 38.407],
                            [24.188, 38.486],
                            [24.232, 38.525],
                            [24.123, 38.596],
                            [24.155, 38.651],
                            [24.047, 38.687],
                            [23.859, 38.672],
                            [23.755, 38.708],
                            [23.704, 38.768],
                            [23.589, 38.764],
                            [23.459, 38.847],
                            [23.429, 38.954],
                            [23.318, 39.038],
                            [23.109, 38.991]
                        ],
                        [
                            [23.594, 39.922],
                            [23.745, 39.933],
                            [23.693, 39.933],
                            [23.664, 39.982],
                            [23.481, 40.042],
                            [23.322, 40.196],
                            [23.305, 40.1],
                            [23.382, 40.002],
                            [23.357, 39.954],
                            [23.465, 39.97],
                            [23.594, 39.922]
                        ]
                    ]
                ]
            }
        },
        {
            "type": "Feature",
            "id": "CMED",
            "properties": { "msfd": "MIC" },
            "geometry": {
                "type": "MultiPolygon",
                "coordinates": [
                    [
                        [
                            [10.401, 33.67],
                            [10.157, 33.84],
                            [10.057, 33.984],
                            [10.017, 34.12],
                            [10.038, 34.222],
                            [10.191, 34.364],
                            [10.269, 34.37],
                            [10.285, 34.419],
                            [10.324, 34.393],
                            [10.35, 34.403],
                            [10.322, 34.408],
                            [10.373, 34.42],
                            [10.46, 34.508],
                            [10.593, 34.538],
                            [10.648, 34.633],
                            [10.731, 34.652],
                            [10.773, 34.746],
                            [10.872, 34.799],
                            [10.922, 34.885],
                            [10.926, 34.967],
                            [11.029, 35.043],
                            [11.053, 35.154],
                            [11.089, 35.161],
                            [11.12, 35.224],
                            [11.167, 35.231],
                            [11.036, 35.34],
                            [11.044, 35.446],
                            [11.083, 35.508],
                            [11.033, 35.541],
                            [11.05, 35.624],
                            [10.829, 35.701],
                            [10.835, 35.788],
                            [10.734, 35.766],
                            [10.652, 35.81],
                            [10.485, 36.051],
                            [10.468, 36.125],
                            [10.484, 36.252],
                            [10.545, 36.376],
                            [10.81, 36.457],
                            [10.973, 36.727],
                            [11.052, 36.811],
                            [11.12, 36.836],
                            [11.137, 36.875],
                            [11.048, 37.082],
                            [12.429, 37.798],
                            [12.499, 37.677],
                            [12.606, 37.641],
                            [12.672, 37.561],
                            [12.942, 37.573],
                            [13.02, 37.495],
                            [13.17, 37.492],
                            [13.272, 37.389],
                            [13.448, 37.293],
                            [13.555, 37.286],
                            [13.75, 37.15],
                            [13.903, 37.096],
                            [14.076, 37.11],
                            [14.261, 37.058],
                            [14.378, 36.961],
                            [14.494, 36.787],
                            [14.63, 36.765],
                            [14.701, 36.718],
                            [14.881, 36.731],
                            [14.956, 36.694],
                            [15.02, 36.702],
                            [15.079, 36.647],
                            [15.131, 36.667],
                            [15.094, 36.778],
                            [15.113, 36.853],
                            [15.208, 36.963],
                            [15.336, 37.008],
                            [15.269, 37.048],
                            [15.298, 37.059],
                            [15.296, 37.106],
                            [15.237, 37.115],
                            [15.219, 37.142],
                            [15.242, 37.148],
                            [15.185, 37.189],
                            [15.185, 37.237],
                            [15.217, 37.249],
                            [15.225, 37.216],
                            [15.225, 37.246],
                            [15.257, 37.244],
                            [15.204, 37.294],
                            [15.099, 37.318],
                            [15.089, 37.5],
                            [15.176, 37.577],
                            [15.211, 37.754],
                            [15.492, 38.073],
                            [15.583, 38.247],
                            [15.696, 38.251],
                            [15.632, 38.216],
                            [15.657, 38.136],
                            [15.635, 38.014],
                            [15.678, 37.954],
                            [15.764, 37.916],
                            [16.064, 37.925],
                            [16.143, 38.029],
                            [16.162, 38.132],
                            [16.287, 38.258],
                            [16.476, 38.346],
                            [16.57, 38.426],
                            [16.571, 38.59],
                            [16.535, 38.714],
                            [16.604, 38.811],
                            [16.887, 38.928],
                            [16.98, 38.938],
                            [17.094, 38.893],
                            [17.206, 39.026],
                            [17.147, 39.047],
                            [17.108, 39.104],
                            [17.148, 39.204],
                            [17.107, 39.252],
                            [17.109, 39.307],
                            [17.157, 39.4],
                            [16.867, 39.538],
                            [16.772, 39.62],
                            [16.624, 39.621],
                            [16.523, 39.659],
                            [16.53, 39.723],
                            [16.489, 39.759],
                            [16.501, 39.826],
                            [16.627, 39.957],
                            [16.606, 40.081],
                            [16.691, 40.152],
                            [16.871, 40.404],
                            [17.071, 40.518],
                            [17.205, 40.474],
                            [17.317, 40.5],
                            [17.3, 40.469],
                            [17.237, 40.475],
                            [17.256, 40.443],
                            [17.203, 40.408],
                            [17.508, 40.295],
                            [17.86, 40.285],
                            [18.01, 40.109],
                            [17.981, 40.054],
                            [18.019, 40.027],
                            [17.996, 39.994],
                            [18.171, 39.851],
                            [18.345, 39.791],
                            [19.641, 39.751],
                            [19.654, 39.711],
                            [19.683, 39.714],
                            [19.674, 39.68],
                            [19.73, 39.674],
                            [19.741, 39.625],
                            [19.832, 39.573],
                            [19.869, 39.457],
                            [20.111, 39.361],
                            [20.072, 39.46],
                            [20.021, 39.433],
                            [19.936, 39.473],
                            [19.901, 39.598],
                            [19.932, 39.624],
                            [19.841, 39.659],
                            [19.863, 39.664],
                            [19.844, 39.706],
                            [19.994, 39.794],
                            [19.974, 39.75],
                            [20.022, 39.744],
                            [20.011, 39.808],
                            [20.042, 39.808],
                            [20.039, 39.751],
                            [20.065, 39.741],
                            [19.999, 39.743],
                            [19.982, 39.69],
                            [20.187, 39.625],
                            [20.142, 39.59],
                            [20.2, 39.586],
                            [20.143, 39.586],
                            [20.174, 39.582],
                            [20.142, 39.529],
                            [20.262, 39.508],
                            [20.257, 39.483],
                            [20.214, 39.492],
                            [20.274, 39.446],
                            [20.214, 39.446],
                            [20.231, 39.399],
                            [20.282, 39.379],
                            [20.288, 39.327],
                            [20.342, 39.284],
                            [20.478, 39.275],
                            [20.476, 39.219],
                            [20.705, 39.048],
                            [20.726, 38.95],
                            [20.757, 38.951],
                            [20.759, 38.984],
                            [20.83, 38.96],
                            [20.738, 39.019],
                            [20.819, 39.114],
                            [20.828, 39.076],
                            [20.868, 39.066],
                            [20.854, 39.034],
                            [20.892, 39.078],
                            [20.986, 39.015],
                            [21.045, 39.012],
                            [21.086, 39.055],
                            [21.14, 39.014],
                            [21.14, 38.923],
                            [21.174, 38.866],
                            [21.097, 38.913],
                            [21.082, 38.862],
                            [20.98, 38.945],
                            [20.869, 38.917],
                            [20.863, 38.957],
                            [20.802, 38.918],
                            [20.765, 38.958],
                            [20.754, 38.906],
                            [20.801, 38.868],
                            [20.74, 38.853],
                            [20.728, 38.804],
                            [20.771, 38.755],
                            [20.871, 38.796],
                            [20.915, 38.674],
                            [20.989, 38.67],
                            [21.027, 38.503],
                            [21.096, 38.533],
                            [21.102, 38.486],
                            [21.074, 38.484],
                            [21.105, 38.477],
                            [21.115, 38.419],
                            [21.158, 38.414],
                            [21.124, 38.415],
                            [21.102, 38.335],
                            [21.21, 38.312],
                            [21.15, 38.302],
                            [21.261, 38.306],
                            [21.212, 38.313],
                            [21.342, 38.385],
                            [21.349, 38.436],
                            [21.3, 38.483],
                            [21.319, 38.5],
                            [21.364, 38.406],
                            [21.411, 38.395],
                            [21.42, 38.351],
                            [21.467, 38.368],
                            [21.508, 38.296],
                            [21.64, 38.357],
                            [21.766, 38.327],
                            [21.789, 38.375],
                            [21.831, 38.393],
                            [21.879, 38.368],
                            [21.936, 38.407],
                            [22.052, 38.395],
                            [22.184, 38.321],
                            [22.249, 38.363],
                            [22.378, 38.332],
                            [22.405, 38.45],
                            [22.538, 38.343],
                            [22.519, 38.327],
                            [22.552, 38.282],
                            [22.584, 38.279],
                            [22.594, 38.352],
                            [22.637, 38.349],
                            [22.628, 38.375],
                            [22.658, 38.386],
                            [22.69, 38.319],
                            [22.797, 38.276],
                            [22.779, 38.233],
                            [22.895, 38.236],
                            [22.906, 38.183],
                            [22.969, 38.189],
                            [22.919, 38.202],
                            [22.951, 38.224],
                            [23.024, 38.214],
                            [23.052, 38.195],
                            [23.029, 38.18],
                            [23.068, 38.171],
                            [23.113, 38.207],
                            [23.144, 38.182],
                            [23.125, 38.164],
                            [23.223, 38.157],
                            [23.176, 38.143],
                            [23.216, 38.098],
                            [23.143, 38.065],
                            [22.96, 38.079],
                            [22.886, 38.053],
                            [22.85, 38.028],
                            [22.893, 38.033],
                            [22.977, 37.977],
                            [22.95, 37.942],
                            [22.874, 37.933],
                            [22.638, 38.078],
                            [22.49, 38.136],
                            [22.39, 38.136],
                            [22.336, 38.177],
                            [22.216, 38.18],
                            [22.018, 38.31],
                            [21.85, 38.339],
                            [21.78, 38.313],
                            [21.675, 38.17],
                            [21.607, 38.143],
                            [21.374, 38.216],
                            [21.366, 38.121],
                            [21.309, 38.005],
                            [21.19, 37.931],
                            [21.126, 37.937],
                            [21.105, 37.85],
                            [21.281, 37.781],
                            [21.32, 37.706],
                            [21.311, 37.632],
                            [21.335, 37.663],
                            [21.405, 37.646],
                            [21.555, 37.551],
                            [21.655, 37.431],
                            [21.699, 37.31],
                            [21.577, 37.192],
                            [21.574, 37.06],
                            [21.657, 36.951],
                            [21.711, 36.943],
                            [21.68, 36.888],
                            [21.705, 36.813],
                            [21.76, 36.786],
                            [21.824, 36.803],
                            [21.877, 36.718],
                            [21.967, 36.794],
                            [21.922, 36.864],
                            [21.93, 36.983],
                            [22.045, 37.026],
                            [22.152, 37.017],
                            [22.126, 36.914],
                            [22.226, 36.894],
                            [22.349, 36.699],
                            [22.39, 36.693],
                            [22.362, 36.664],
                            [22.392, 36.541],
                            [22.348, 36.512],
                            [22.459, 36.452],
                            [22.484, 36.386],
                            [22.504, 36.486],
                            [22.473, 36.526],
                            [22.476, 36.613],
                            [22.529, 36.617],
                            [22.507, 36.668],
                            [22.551, 36.65],
                            [22.521, 36.705],
                            [22.576, 36.734],
                            [22.565, 36.775],
                            [22.622, 36.805],
                            [22.787, 36.796],
                            [22.819, 36.656],
                            [22.847, 36.686],
                            [22.969, 36.52],
                            [23.037, 36.525],
                            [23.088, 36.445],
                            [22.922, 36.376],
                            [22.892, 36.319],
                            [22.923, 36.29],
                            [22.909, 36.2],
                            [23.208, 35.959],
                            [23.325, 35.823],
                            [23.593, 35.635],
                            [23.523, 35.268],
                            [23.577, 35.263],
                            [24.123, 34.802],
                            [22.149, 32.936],
                            [21.92, 32.894],
                            [21.7, 32.939],
                            [21.628, 32.926],
                            [21.407, 32.787],
                            [21.061, 32.761],
                            [20.557, 32.535],
                            [20.089, 32.184],
                            [20.076, 32.138],
                            [20.03, 32.116],
                            [20.059, 32.113],
                            [20.035, 32.115],
                            [20.034, 32.06],
                            [19.949, 31.976],
                            [19.921, 31.757],
                            [20.018, 31.419],
                            [20.16, 31.211],
                            [20.167, 31.083],
                            [20.121, 30.967],
                            [20.054, 30.844],
                            [19.771, 30.525],
                            [19.624, 30.419],
                            [19.189, 30.267],
                            [18.988, 30.275],
                            [18.792, 30.383],
                            [18.661, 30.416],
                            [18.569, 30.501],
                            [18.596, 30.509],
                            [18.409, 30.596],
                            [18.222, 30.766],
                            [17.911, 30.856],
                            [17.857, 30.924],
                            [17.509, 31.01],
                            [17.393, 31.076],
                            [16.766, 31.212],
                            [16.126, 31.252],
                            [15.807, 31.363],
                            [15.661, 31.448],
                            [15.526, 31.607],
                            [15.366, 31.942],
                            [15.356, 32.167],
                            [15.227, 32.373],
                            [14.896, 32.44],
                            [14.751, 32.439],
                            [14.475, 32.513],
                            [14.247, 32.692],
                            [14.01, 32.73],
                            [13.803, 32.803],
                            [13.598, 32.792],
                            [13.387, 32.897],
                            [13.216, 32.916],
                            [12.992, 32.832],
                            [12.751, 32.793],
                            [12.294, 32.838],
                            [11.879, 33.06],
                            [11.772, 33.098],
                            [11.811, 33.072],
                            [11.651, 33.095],
                            [11.563, 33.167],
                            [11.327, 33.267],
                            [11.445, 33.179],
                            [11.175, 33.208],
                            [11.117, 33.285],
                            [11.13, 33.316],
                            [11.296, 33.279],
                            [11.15, 33.365],
                            [11.092, 33.359],
                            [11.139, 33.386],
                            [11.094, 33.43],
                            [11.131, 33.481],
                            [11.106, 33.561],
                            [10.999, 33.651],
                            [10.912, 33.608],
                            [10.949, 33.567],
                            [10.929, 33.534],
                            [10.784, 33.472],
                            [10.701, 33.492],
                            [10.681, 33.533],
                            [10.735, 33.601],
                            [10.729, 33.704],
                            [10.571, 33.654],
                            [10.591, 33.631],
                            [10.56, 33.632],
                            [10.569, 33.656],
                            [10.444, 33.622],
                            [10.48, 33.651],
                            [10.401, 33.67]
                        ],
                        [
                            [10.925, 33.663],
                            [10.967, 33.727],
                            [10.974, 33.683],
                            [10.989, 33.746],
                            [11.058, 33.778],
                            [11.057, 33.825],
                            [10.892, 33.913],
                            [10.96, 33.872],
                            [10.745, 33.888],
                            [10.742, 33.722],
                            [10.791, 33.697],
                            [10.83, 33.737],
                            [10.877, 33.691],
                            [10.875, 33.638],
                            [10.915, 33.68],
                            [10.925, 33.663]
                        ],
                        [
                            [20.641, 37.894],
                            [20.63, 37.814],
                            [20.806, 37.654],
                            [20.857, 37.654],
                            [20.841, 37.698],
                            [20.891, 37.734],
                            [20.993, 37.703],
                            [20.9, 37.776],
                            [20.905, 37.805],
                            [20.742, 37.859],
                            [20.705, 37.931],
                            [20.641, 37.894]
                        ],
                        [
                            [20.49, 38.123],
                            [20.567, 38.089],
                            [20.62, 38.117],
                            [20.787, 38.057],
                            [20.816, 38.111],
                            [20.678, 38.28],
                            [20.626, 38.259],
                            [20.598, 38.301],
                            [20.627, 38.319],
                            [20.612, 38.401],
                            [20.562, 38.475],
                            [20.537, 38.469],
                            [20.537, 38.344],
                            [20.478, 38.309],
                            [20.442, 38.356],
                            [20.411, 38.336],
                            [20.401, 38.358],
                            [20.337, 38.2],
                            [20.382, 38.149],
                            [20.44, 38.162],
                            [20.422, 38.268],
                            [20.45, 38.279],
                            [20.51, 38.169],
                            [20.468, 38.192],
                            [20.49, 38.123]
                        ],
                        [
                            [20.705, 38.848],
                            [20.647, 38.832],
                            [20.601, 38.781],
                            [20.542, 38.561],
                            [20.594, 38.632],
                            [20.64, 38.579],
                            [20.695, 38.639],
                            [20.722, 38.626],
                            [20.727, 38.806],
                            [20.682, 38.837],
                            [20.705, 38.848]
                        ]
                    ]
                ]
            }
        },
        {
            "type": "Feature",
            "id": "WMED",
            "properties": { "msfd": "MWE" },
            "geometry": {
                "type": "MultiPolygon",
                "coordinates": [
                    [
                        [
                            [-5.42, 35.913],
                            [-5.602, 35.83],
                            [-5.719, 35.831],
                            [-5.783, 35.777],
                            [-5.917, 35.795],
                            [-5.917, 36.185],
                            [-5.797, 36.079],
                            [-5.688, 36.067],
                            [-5.608, 36.007],
                            [-5.466, 36.05],
                            [-5.426, 36.077],
                            [-5.423, 36.13],
                            [-5.448, 36.139],
                            [-5.427, 36.176],
                            [-5.359, 36.164],
                            [-5.345, 36.109],
                            [-5.317, 36.23],
                            [-5.177, 36.415],
                            [-4.914, 36.506],
                            [-4.74, 36.483],
                            [-4.639, 36.507],
                            [-4.603, 36.564],
                            [-4.512, 36.593],
                            [-4.419, 36.717],
                            [-3.836, 36.754],
                            [-3.734, 36.72],
                            [-3.602, 36.745],
                            [-3.421, 36.694],
                            [-3.257, 36.754],
                            [-2.926, 36.752],
                            [-2.848, 36.696],
                            [-2.7, 36.684],
                            [-2.62, 36.728],
                            [-2.562, 36.816],
                            [-2.473, 36.837],
                            [-2.426, 36.812],
                            [-2.363, 36.842],
                            [-2.291, 36.82],
                            [-2.193, 36.722],
                            [-2.137, 36.73],
                            [-2.001, 36.84],
                            [-1.993, 36.894],
                            [-1.896, 36.949],
                            [-1.801, 37.224],
                            [-1.672, 37.357],
                            [-1.488, 37.423],
                            [-1.459, 37.488],
                            [-1.326, 37.563],
                            [-1.201, 37.574],
                            [-1.112, 37.534],
                            [-1.109, 37.569],
                            [-1.016, 37.574],
                            [-0.994, 37.601],
                            [-0.967, 37.559],
                            [-0.92, 37.555],
                            [-0.689, 37.633],
                            [-0.735, 37.688],
                            [-0.729, 37.746],
                            [-0.745, 37.747],
                            [-0.736, 37.632],
                            [-0.86, 37.723],
                            [-0.768, 37.843],
                            [-0.749, 37.791],
                            [-0.751, 37.897],
                            [-0.648, 38.0],
                            [-0.615, 38.173],
                            [-0.51, 38.202],
                            [-0.509, 38.33],
                            [-0.403, 38.353],
                            [-0.375, 38.443],
                            [-0.15, 38.536],
                            [-0.097, 38.524],
                            [-0.028, 38.619],
                            [0.083, 38.631],
                            [0.098, 38.673],
                            [0.233, 38.737],
                            [0.19, 38.808],
                            [-0.016, 38.872],
                            [-0.161, 38.993],
                            [-0.252, 39.13],
                            [-0.217, 39.186],
                            [-0.326, 39.387],
                            [-0.323, 39.504],
                            [-0.256, 39.62],
                            [-0.213, 39.633],
                            [-0.121, 39.814],
                            [0.03, 39.96],
                            [0.049, 40.035],
                            [0.147, 40.083],
                            [0.195, 40.176],
                            [0.408, 40.357],
                            [0.538, 40.568],
                            [0.603, 40.623],
                            [0.746, 40.637],
                            [0.674, 40.562],
                            [0.872, 40.704],
                            [0.872, 40.732],
                            [0.767, 40.792],
                            [0.729, 40.788],
                            [0.785, 40.77],
                            [0.731, 40.769],
                            [0.7, 40.804],
                            [0.964, 41.027],
                            [1.046, 41.063],
                            [1.171, 41.055],
                            [1.298, 41.128],
                            [2.136, 41.297],
                            [2.266, 41.459],
                            [2.935, 41.715],
                            [3.202, 41.891],
                            [3.233, 41.96],
                            [3.197, 42.006],
                            [3.212, 42.068],
                            [3.123, 42.128],
                            [3.113, 42.21],
                            [3.163, 42.264],
                            [3.263, 42.238],
                            [3.321, 42.319],
                            [3.163, 42.36],
                            [3.176, 42.44],
                            [3.127, 42.486],
                            [3.138, 42.515],
                            [3.051, 42.545],
                            [3.024, 42.704],
                            [3.052, 42.872],
                            [3.025, 42.794],
                            [2.948, 42.834],
                            [3.001, 42.875],
                            [3.009, 42.927],
                            [3.052, 42.885],
                            [3.06, 42.917],
                            [3.039, 42.94],
                            [3.066, 43.014],
                            [3.013, 43.031],
                            [2.984, 43.073],
                            [2.954, 43.073],
                            [2.988, 43.089],
                            [2.961, 43.106],
                            [2.99, 43.15],
                            [3.027, 43.101],
                            [2.994, 43.068],
                            [3.027, 43.088],
                            [3.024, 43.064],
                            [3.048, 43.043],
                            [3.041, 43.025],
                            [3.064, 43.016],
                            [3.085, 43.058],
                            [3.025, 43.064],
                            [3.038, 43.092],
                            [3.103, 43.097],
                            [3.086, 43.058],
                            [3.127, 43.11],
                            [3.104, 43.098],
                            [3.096, 43.11],
                            [3.355, 43.274],
                            [3.514, 43.275],
                            [3.701, 43.4],
                            [3.674, 43.424],
                            [3.531, 43.317],
                            [3.591, 43.418],
                            [3.678, 43.464],
                            [3.715, 43.4],
                            [3.875, 43.538],
                            [3.913, 43.533],
                            [3.887, 43.507],
                            [4.117, 43.568],
                            [4.143, 43.56],
                            [4.102, 43.556],
                            [4.139, 43.532],
                            [4.111, 43.509],
                            [4.139, 43.482],
                            [4.234, 43.461],
                            [4.242, 43.5],
                            [4.281, 43.489],
                            [4.308, 43.518],
                            [4.314, 43.459],
                            [4.274, 43.458],
                            [4.55, 43.448],
                            [4.592, 43.415],
                            [4.554, 43.387],
                            [4.578, 43.364],
                            [4.56, 43.383],
                            [4.604, 43.409],
                            [4.559, 43.455],
                            [4.594, 43.467],
                            [4.533, 43.477],
                            [4.59, 43.481],
                            [4.584, 43.504],
                            [4.442, 43.459],
                            [4.463, 43.52],
                            [4.541, 43.513],
                            [4.486, 43.55],
                            [4.548, 43.57],
                            [4.639, 43.539],
                            [4.589, 43.477],
                            [4.624, 43.461],
                            [4.594, 43.454],
                            [4.751, 43.363],
                            [4.792, 43.386],
                            [4.828, 43.347],
                            [4.73, 43.351],
                            [4.86, 43.333],
                            [4.917, 43.385],
                            [4.882, 43.355],
                            [4.835, 43.375],
                            [4.854, 43.388],
                            [4.806, 43.385],
                            [4.854, 43.39],
                            [4.829, 43.43],
                            [4.877, 43.411],
                            [4.861, 43.454],
                            [4.907, 43.43],
                            [4.887, 43.412],
                            [4.97, 43.425],
                            [5.054, 43.325],
                            [5.229, 43.329],
                            [5.309, 43.362],
                            [5.374, 43.295],
                            [5.346, 43.282],
                            [5.374, 43.246],
                            [5.337, 43.214],
                            [5.537, 43.214],
                            [5.606, 43.16],
                            [5.622, 43.187],
                            [5.686, 43.18],
                            [5.695, 43.144],
                            [5.81, 43.114],
                            [5.794, 43.07],
                            [5.83, 43.05],
                            [5.947, 43.069],
                            [5.881, 43.102],
                            [5.914, 43.125],
                            [6.021, 43.078],
                            [6.147, 43.085],
                            [6.142, 43.045],
                            [6.131, 43.066],
                            [6.091, 43.036],
                            [6.155, 43.027],
                            [6.16, 43.088],
                            [6.201, 43.116],
                            [6.364, 43.086],
                            [6.385, 43.145],
                            [6.494, 43.15],
                            [6.562, 43.189],
                            [6.646, 43.168],
                            [6.697, 43.266],
                            [6.575, 43.273],
                            [6.716, 43.347],
                            [6.747, 43.423],
                            [6.893, 43.43],
                            [6.961, 43.541],
                            [7.038, 43.535],
                            [7.096, 43.571],
                            [7.137, 43.546],
                            [7.122, 43.587],
                            [7.159, 43.655],
                            [7.213, 43.648],
                            [7.241, 43.688],
                            [7.314, 43.707],
                            [7.333, 43.675],
                            [7.337, 43.712],
                            [7.487, 43.749],
                            [7.519, 43.784],
                            [7.673, 43.776],
                            [8.073, 43.892],
                            [8.173, 43.955],
                            [8.163, 43.993],
                            [8.225, 44.044],
                            [8.269, 44.14],
                            [8.422, 44.193],
                            [8.441, 44.277],
                            [8.501, 44.326],
                            [8.741, 44.427],
                            [9.141, 44.362],
                            [9.151, 44.319],
                            [9.215, 44.3],
                            [9.23, 44.348],
                            [9.404, 44.252],
                            [9.487, 44.24],
                            [9.634, 44.134],
                            [9.676, 44.14],
                            [9.833, 44.05],
                            [9.851, 44.067],
                            [9.81, 44.102],
                            [9.852, 44.11],
                            [9.963, 44.038],
                            [10.065, 44.028],
                            [10.176, 43.948],
                            [10.263, 43.803],
                            [10.297, 43.562],
                            [10.32, 43.585],
                            [10.297, 43.535],
                            [10.526, 43.24],
                            [10.538, 43.097],
                            [10.517, 43.0],
                            [10.485, 42.988],
                            [10.495, 42.932],
                            [10.646, 42.954],
                            [10.773, 42.91],
                            [10.773, 42.831],
                            [10.732, 42.802],
                            [10.955, 42.736],
                            [11.014, 42.657],
                            [11.086, 42.626],
                            [11.123, 42.557],
                            [11.184, 42.531],
                            [11.178, 42.452],
                            [11.104, 42.447],
                            [11.096, 42.394],
                            [11.185, 42.364],
                            [11.211, 42.41],
                            [11.272, 42.419],
                            [11.623, 42.302],
                            [11.835, 42.03],
                            [11.916, 42.039],
                            [12.129, 41.924],
                            [12.201, 41.836],
                            [12.226, 41.744],
                            [12.434, 41.643],
                            [12.622, 41.445],
                            [12.672, 41.456],
                            [12.926, 41.379],
                            [13.045, 41.227],
                            [13.286, 41.298],
                            [13.549, 41.207],
                            [13.589, 41.208],
                            [13.571, 41.236],
                            [13.621, 41.261],
                            [13.728, 41.245],
                            [13.831, 41.168],
                            [14.001, 40.951],
                            [14.046, 40.791],
                            [14.089, 40.778],
                            [14.071, 40.819],
                            [14.107, 40.832],
                            [14.187, 40.793],
                            [14.273, 40.845],
                            [14.461, 40.743],
                            [14.48, 40.698],
                            [14.34, 40.628],
                            [14.324, 40.57],
                            [14.487, 40.628],
                            [14.53, 40.607],
                            [14.626, 40.649],
                            [14.689, 40.634],
                            [14.748, 40.678],
                            [14.791, 40.664],
                            [14.89, 40.572],
                            [14.999, 40.391],
                            [14.909, 40.244],
                            [15.043, 40.17],
                            [15.133, 40.171],
                            [15.272, 40.075],
                            [15.271, 40.023],
                            [15.419, 39.991],
                            [15.513, 40.069],
                            [15.631, 40.071],
                            [15.781, 39.891],
                            [15.769, 39.836],
                            [15.874, 39.554],
                            [15.997, 39.44],
                            [16.099, 39.031],
                            [16.22, 38.913],
                            [16.183, 38.748],
                            [16.107, 38.712],
                            [15.985, 38.722],
                            [15.837, 38.647],
                            [15.827, 38.62],
                            [15.931, 38.539],
                            [15.818, 38.301],
                            [15.707, 38.251],
                            [15.542, 38.302],
                            [15.289, 38.206],
                            [15.24, 38.217],
                            [15.251, 38.252],
                            [15.224, 38.27],
                            [15.218, 38.193],
                            [15.111, 38.12],
                            [14.915, 38.192],
                            [14.789, 38.152],
                            [14.748, 38.166],
                            [14.641, 38.076],
                            [14.521, 38.041],
                            [14.295, 38.007],
                            [14.022, 38.041],
                            [13.743, 37.97],
                            [13.567, 38.038],
                            [13.538, 38.112],
                            [13.385, 38.108],
                            [13.365, 38.183],
                            [13.318, 38.224],
                            [13.19, 38.169],
                            [13.105, 38.19],
                            [13.052, 38.139],
                            [13.078, 38.088],
                            [12.902, 38.024],
                            [12.811, 38.08],
                            [12.768, 38.18],
                            [12.73, 38.189],
                            [12.71, 38.109],
                            [12.661, 38.112],
                            [12.644, 38.078],
                            [12.497, 38.019],
                            [12.538, 37.992],
                            [12.508, 37.997],
                            [12.505, 37.947],
                            [12.459, 37.908],
                            [12.486, 37.875],
                            [12.462, 37.816],
                            [11.018, 37.067],
                            [10.908, 37.05],
                            [10.912, 37.007],
                            [10.874, 36.977],
                            [10.708, 36.882],
                            [10.609, 36.882],
                            [10.537, 36.758],
                            [10.41, 36.715],
                            [10.284, 36.788],
                            [10.355, 36.868],
                            [10.2, 36.991],
                            [10.179, 37.073],
                            [10.214, 37.113],
                            [10.135, 37.141],
                            [10.279, 37.182],
                            [10.214, 37.186],
                            [10.068, 37.269],
                            [9.976, 37.247],
                            [9.882, 37.27],
                            [9.821, 37.225],
                            [9.931, 37.225],
                            [9.927, 37.176],
                            [9.865, 37.135],
                            [9.815, 37.141],
                            [9.777, 37.239],
                            [9.891, 37.278],
                            [9.863, 37.334],
                            [9.744, 37.348],
                            [9.331, 37.231],
                            [9.235, 37.217],
                            [9.217, 37.241],
                            [8.783, 36.953],
                            [8.713, 36.967],
                            [8.427, 36.895],
                            [8.271, 36.916],
                            [8.228, 36.952],
                            [7.913, 36.844],
                            [7.768, 36.873],
                            [7.761, 36.929],
                            [7.793, 36.969],
                            [7.621, 36.961],
                            [7.512, 37.042],
                            [7.408, 37.04],
                            [7.388, 37.084],
                            [7.17, 37.081],
                            [7.256, 37.026],
                            [7.217, 36.955],
                            [7.134, 36.908],
                            [6.932, 36.88],
                            [6.883, 36.895],
                            [6.85, 36.957],
                            [6.675, 36.947],
                            [6.579, 36.977],
                            [6.549, 37.054],
                            [6.468, 37.089],
                            [6.265, 37.026],
                            [6.24, 36.983],
                            [6.261, 36.941],
                            [6.085, 36.872],
                            [6.123, 36.856],
                            [6.083, 36.871],
                            [5.813, 36.807],
                            [5.694, 36.82],
                            [5.572, 36.764],
                            [5.501, 36.677],
                            [5.366, 36.644],
                            [5.243, 36.642],
                            [5.136, 36.679],
                            [5.065, 36.733],
                            [5.106, 36.776],
                            [4.787, 36.892],
                            [4.566, 36.883],
                            [4.436, 36.911],
                            [4.108, 36.89],
                            [3.896, 36.923],
                            [3.735, 36.887],
                            [3.488, 36.768],
                            [3.232, 36.815],
                            [3.216, 36.762],
                            [3.133, 36.741],
                            [3.078, 36.753],
                            [3.013, 36.82],
                            [2.894, 36.805],
                            [2.794, 36.692],
                            [2.556, 36.592],
                            [2.432, 36.594],
                            [2.349, 36.645],
                            [2.021, 36.567],
                            [1.493, 36.528],
                            [1.343, 36.551],
                            [1.297, 36.51],
                            [1.184, 36.515],
                            [0.94, 36.449],
                            [0.871, 36.372],
                            [0.658, 36.33],
                            [0.221, 36.117],
                            [0.13, 36.038],
                            [0.023, 35.857],
                            [-0.096, 35.791],
                            [-0.276, 35.819],
                            [-0.309, 35.85],
                            [-0.293, 35.875],
                            [-0.383, 35.908],
                            [-0.49, 35.875],
                            [-0.499, 35.794],
                            [-0.623, 35.713],
                            [-0.791, 35.773],
                            [-0.883, 35.707],
                            [-0.938, 35.728],
                            [-1.155, 35.574],
                            [-1.197, 35.575],
                            [-1.288, 35.355],
                            [-1.555, 35.27],
                            [-1.772, 35.12],
                            [-1.806, 35.133],
                            [-1.962, 35.072],
                            [-2.21, 35.085],
                            [-2.424, 35.149],
                            [-2.52, 35.089],
                            [-2.626, 35.086],
                            [-2.841, 35.194],
                            [-2.745, 35.113],
                            [-2.827, 35.107],
                            [-2.925, 35.184],
                            [-2.899, 35.211],
                            [-2.923, 35.258],
                            [-2.844, 35.196],
                            [-2.939, 35.278],
                            [-2.971, 35.363],
                            [-2.95, 35.427],
                            [-2.976, 35.44],
                            [-3.083, 35.281],
                            [-3.134, 35.285],
                            [-3.188, 35.23],
                            [-3.335, 35.186],
                            [-3.57, 35.22],
                            [-3.707, 35.288],
                            [-3.82, 35.2],
                            [-3.908, 35.214],
                            [-3.929, 35.262],
                            [-4.355, 35.147],
                            [-4.782, 35.237],
                            [-5.016, 35.403],
                            [-5.062, 35.407],
                            [-5.174, 35.532],
                            [-5.24, 35.549],
                            [-5.273, 35.687],
                            [-5.323, 35.687],
                            [-5.348, 35.781],
                            [-5.343, 35.872],
                            [-5.276, 35.894],
                            [-5.42, 35.913]
                        ],
                        [
                            [8.241, 40.9],
                            [8.237, 40.953],
                            [8.202, 40.972],
                            [8.177, 40.935],
                            [8.219, 40.869],
                            [8.131, 40.732],
                            [8.205, 40.687],
                            [8.187, 40.639],
                            [8.145, 40.624],
                            [8.161, 40.561],
                            [8.193, 40.618],
                            [8.22, 40.601],
                            [8.204, 40.568],
                            [8.289, 40.606],
                            [8.305, 40.599],
                            [8.398, 40.43],
                            [8.384, 40.339],
                            [8.484, 40.295],
                            [8.456, 40.176],
                            [8.493, 40.086],
                            [8.377, 40.036],
                            [8.414, 40.018],
                            [8.401, 39.9],
                            [8.437, 39.859],
                            [8.471, 39.902],
                            [8.441, 39.905],
                            [8.506, 39.926],
                            [8.46, 39.943],
                            [8.517, 39.992],
                            [8.496, 39.947],
                            [8.526, 39.929],
                            [8.488, 39.901],
                            [8.552, 39.864],
                            [8.609, 39.873],
                            [8.553, 39.862],
                            [8.577, 39.822],
                            [8.553, 39.829],
                            [8.504, 39.729],
                            [8.559, 39.695],
                            [8.519, 39.693],
                            [8.444, 39.758],
                            [8.471, 39.6],
                            [8.38, 39.456],
                            [8.413, 39.427],
                            [8.374, 39.374],
                            [8.437, 39.29],
                            [8.368, 39.228],
                            [8.413, 39.15],
                            [8.413, 39.174],
                            [8.438, 39.155],
                            [8.438, 39.114],
                            [8.488, 39.089],
                            [8.469, 39.054],
                            [8.54, 39.068],
                            [8.52, 39.061],
                            [8.568, 39.042],
                            [8.573, 38.979],
                            [8.624, 38.939],
                            [8.609, 38.893],
                            [8.646, 38.895],
                            [8.645, 38.864],
                            [8.664, 38.913],
                            [8.722, 38.938],
                            [8.857, 38.877],
                            [9.021, 38.984],
                            [9.046, 39.057],
                            [9.009, 39.124],
                            [9.081, 39.203],
                            [9.056, 39.22],
                            [9.092, 39.212],
                            [9.012, 39.267],
                            [9.147, 39.183],
                            [9.231, 39.228],
                            [9.322, 39.204],
                            [9.438, 39.122],
                            [9.503, 39.131],
                            [9.523, 39.095],
                            [9.579, 39.176],
                            [9.575, 39.252],
                            [9.633, 39.296],
                            [9.58, 39.357],
                            [9.598, 39.347],
                            [9.642, 39.446],
                            [9.682, 39.898],
                            [9.715, 39.929],
                            [9.686, 39.984],
                            [9.735, 40.077],
                            [9.654, 40.143],
                            [9.623, 40.251],
                            [9.766, 40.393],
                            [9.828, 40.528],
                            [9.754, 40.597],
                            [9.753, 40.673],
                            [9.671, 40.785],
                            [9.685, 40.834],
                            [9.727, 40.844],
                            [9.616, 40.889],
                            [9.644, 40.919],
                            [9.59, 40.895],
                            [9.494, 40.917],
                            [9.574, 40.928],
                            [9.611, 41.004],
                            [9.663, 40.997],
                            [9.595, 41.023],
                            [9.555, 41.004],
                            [9.56, 41.037],
                            [9.505, 41.009],
                            [9.572, 41.1],
                            [9.531, 41.152],
                            [9.467, 41.143],
                            [9.444, 41.095],
                            [9.445, 41.134],
                            [9.403, 41.158],
                            [9.423, 41.177],
                            [9.363, 41.207],
                            [9.312, 41.181],
                            [9.289, 41.219],
                            [9.286, 41.184],
                            [9.235, 41.259],
                            [9.141, 41.244],
                            [9.168, 41.229],
                            [9.153, 41.155],
                            [9.013, 41.125],
                            [8.795, 40.925],
                            [8.701, 40.915],
                            [8.578, 40.837],
                            [8.358, 40.836],
                            [8.241, 40.9]
                        ],
                        [
                            [8.558, 42.345],
                            [8.616, 42.35],
                            [8.603, 42.309],
                            [8.694, 42.267],
                            [8.541, 42.237],
                            [8.581, 42.207],
                            [8.562, 42.172],
                            [8.594, 42.168],
                            [8.559, 42.146],
                            [8.66, 42.102],
                            [8.698, 42.114],
                            [8.747, 42.051],
                            [8.658, 42.01],
                            [8.648, 41.968],
                            [8.593, 41.965],
                            [8.624, 41.935],
                            [8.612, 41.897],
                            [8.752, 41.934],
                            [8.804, 41.894],
                            [8.779, 41.884],
                            [8.788, 41.85],
                            [8.751, 41.845],
                            [8.784, 41.832],
                            [8.771, 41.811],
                            [8.712, 41.801],
                            [8.729, 41.774],
                            [8.659, 41.741],
                            [8.775, 41.742],
                            [8.782, 41.7],
                            [8.914, 41.691],
                            [8.872, 41.646],
                            [8.794, 41.632],
                            [8.787, 41.556],
                            [9.04, 41.457],
                            [9.08, 41.482],
                            [9.07, 41.445],
                            [9.122, 41.442],
                            [9.093, 41.394],
                            [9.22, 41.367],
                            [9.264, 41.427],
                            [9.22, 41.405],
                            [9.214, 41.441],
                            [9.277, 41.464],
                            [9.273, 41.531],
                            [9.369, 41.594],
                            [9.279, 41.597],
                            [9.308, 41.629],
                            [9.355, 41.617],
                            [9.401, 41.694],
                            [9.398, 41.951],
                            [9.555, 42.127],
                            [9.533, 42.546],
                            [9.451, 42.659],
                            [9.516, 42.564],
                            [9.442, 42.638],
                            [9.492, 42.807],
                            [9.463, 42.986],
                            [9.423, 43.011],
                            [9.346, 42.998],
                            [9.362, 42.924],
                            [9.323, 42.9],
                            [9.341, 42.866],
                            [9.31, 42.833],
                            [9.345, 42.736],
                            [9.299, 42.677],
                            [9.221, 42.735],
                            [9.124, 42.731],
                            [9.015, 42.641],
                            [8.806, 42.604],
                            [8.78, 42.556],
                            [8.725, 42.585],
                            [8.721, 42.526],
                            [8.668, 42.516],
                            [8.65, 42.478],
                            [8.68, 42.472],
                            [8.662, 42.42],
                            [8.546, 42.377],
                            [8.558, 42.345]
                        ],
                        [
                            [4.042, 40.058],
                            [3.825, 40.052],
                            [3.791, 40.015],
                            [3.835, 40.001],
                            [3.824, 39.922],
                            [3.958, 39.939],
                            [4.207, 39.825],
                            [4.303, 39.832],
                            [4.307, 39.865],
                            [4.257, 39.897],
                            [4.311, 39.87],
                            [4.327, 39.876],
                            [4.254, 39.964],
                            [4.267, 39.997],
                            [4.207, 40.013],
                            [4.203, 39.989],
                            [4.141, 40.069],
                            [4.123, 40.025],
                            [4.133, 40.063],
                            [4.104, 40.044],
                            [4.093, 40.089],
                            [4.042, 40.058]
                        ],
                        [
                            [3.248, 39.385],
                            [3.295, 39.5],
                            [3.403, 39.579],
                            [3.397, 39.629],
                            [3.456, 39.656],
                            [3.478, 39.716],
                            [3.348, 39.789],
                            [3.251, 39.729],
                            [3.139, 39.778],
                            [3.12, 39.832],
                            [3.18, 39.842],
                            [3.203, 39.889],
                            [3.104, 39.858],
                            [3.081, 39.903],
                            [3.214, 39.962],
                            [2.951, 39.92],
                            [2.78, 39.856],
                            [2.346, 39.588],
                            [2.39, 39.546],
                            [2.364, 39.532],
                            [2.457, 39.535],
                            [2.477, 39.467],
                            [2.51, 39.458],
                            [2.541, 39.525],
                            [2.669, 39.562],
                            [2.749, 39.511],
                            [2.722, 39.476],
                            [2.787, 39.363],
                            [2.958, 39.363],
                            [3.052, 39.265],
                            [3.248, 39.385]
                        ],
                        [
                            [1.54, 39.117],
                            [1.294, 39.031],
                            [1.303, 38.969],
                            [1.229, 38.973],
                            [1.225, 38.871],
                            [1.387, 38.871],
                            [1.401, 38.841],
                            [1.359, 38.862],
                            [1.369, 38.835],
                            [1.406, 38.832],
                            [1.421, 38.904],
                            [1.528, 38.945],
                            [1.534, 38.983],
                            [1.619, 39.027],
                            [1.587, 39.063],
                            [1.604, 39.09],
                            [1.54, 39.117]
                        ]
                    ]
                ]
            }
        }
    ]
}
